,round_epochs,val_loss,val_mean_squared_error,loss,mean_squared_error,lr,first_neuron,batch_size,epochs,weight_regulizer,emb_output_dims,optimizer,losses,activation
1,20,5769.397008451304,5769.397008451304,5628.867087992447,5628.867087992447,7,1,4,20,None,None,SGD,<function mean_squared_error at 0x0000025432BEAC80>,<function linear at 0x0000025432C31400>
2,20,25366.930935737782,25366.930935737782,28245.15823552281,28245.15823552281,6,1,4,20,None,None,nadam,<function mean_squared_error at 0x0000025432BEAC80>,<function linear at 0x0000025432C31400>
3,20,24329.639485065203,24329.639485065203,27167.38866666821,27167.38866666821,7,1,2,20,None,None,nadam,<function mean_squared_error at 0x0000025432BEAC80>,<function linear at 0x0000025432C31400>
4,40,5695.903489478549,5695.903489478549,5193.485516624993,5193.485516624993,8,1,3,40,None,None,SGD,<function mean_squared_error at 0x0000025432BEAC80>,<function linear at 0x0000025432C31400>
5,20,22477.127700232024,22477.127700232024,25231.640056248525,25231.640056248525,7,1,1,20,None,None,nadam,<function mean_squared_error at 0x0000025432BEAC80>,<function linear at 0x0000025432C31400>
6,20,5706.511260183234,5706.511260183234,5535.150989930212,5535.150989930212,2,1,3,20,None,None,SGD,<function mean_squared_error at 0x0000025432BEAC80>,<function linear at 0x0000025432C31400>
7,10,5720.531570104728,5720.531570104728,5639.580553316957,5639.580553316957,8,1,2,10,None,None,SGD,<function mean_squared_error at 0x0000025432BEAC80>,<function linear at 0x0000025432C31400>
8,10,5604.399258032778,5604.399258032778,5797.171146049319,5797.171146049319,2,1,4,10,None,None,SGD,<function mean_squared_error at 0x0000025432BEAC80>,<function linear at 0x0000025432C31400>
9,20,24325.052082721453,24325.052082721453,27161.6676748556,27161.6676748556,3,1,2,20,None,None,nadam,<function mean_squared_error at 0x0000025432BEAC80>,<function linear at 0x0000025432C31400>
10,20,22474.04080269032,22474.04080269032,25229.08663349242,25229.08663349242,3,1,1,20,None,None,nadam,<function mean_squared_error at 0x0000025432BEAC80>,<function linear at 0x0000025432C31400>
11,40,18942.13069227405,18942.13069227405,21421.13613279058,21421.13613279058,4,1,1,40,None,None,nadam,<function mean_squared_error at 0x0000025432BEAC80>,<function linear at 0x0000025432C31400>
12,40,5178.921220592986,5178.921220592986,5342.529395804021,5342.529395804021,8,1,4,40,None,None,SGD,<function mean_squared_error at 0x0000025432BEAC80>,<function linear at 0x0000025432C31400>
13,20,25005.60293005463,25005.60293005463,27869.654113480265,27869.654113480265,7,1,3,20,None,None,nadam,<function mean_squared_error at 0x0000025432BEAC80>,<function linear at 0x0000025432C31400>
14,20,5478.386562261367,5478.386562261367,5631.129610902325,5631.129610902325,8,1,4,20,None,None,SGD,<function mean_squared_error at 0x0000025432BEAC80>,<function linear at 0x0000025432C31400>
15,10,24434.769697375763,24434.769697375763,27330.1738373092,27330.1738373092,5,1,1,10,None,None,nadam,<function mean_squared_error at 0x0000025432BEAC80>,<function linear at 0x0000025432C31400>
16,10,5840.800012886973,5840.800012886973,5418.024636983271,5418.024636983271,3,1,1,10,None,None,SGD,<function mean_squared_error at 0x0000025432BEAC80>,<function linear at 0x0000025432C31400>
17,40,22252.044921875,22252.044921875,24942.802398826272,24942.802398826272,8,1,2,40,None,None,nadam,<function mean_squared_error at 0x0000025432BEAC80>,<function linear at 0x0000025432C31400>
18,20,24328.341532542294,24328.341532542294,27165.59284633257,27165.59284633257,9,1,2,20,None,None,nadam,<function mean_squared_error at 0x0000025432BEAC80>,<function linear at 0x0000025432C31400>
19,20,22472.174617451834,22472.174617451834,25226.336784326635,25226.336784326635,6,1,1,20,None,None,nadam,<function mean_squared_error at 0x0000025432BEAC80>,<function linear at 0x0000025432C31400>
20,10,5710.910059075606,5710.910059075606,5752.78708285291,5752.78708285291,5,1,3,10,None,None,SGD,<function mean_squared_error at 0x0000025432BEAC80>,<function linear at 0x0000025432C31400>
21,10,5655.350917463912,5655.350917463912,5409.5760368401125,5409.5760368401125,8,1,1,10,None,None,SGD,<function mean_squared_error at 0x0000025432BEAC80>,<function linear at 0x0000025432C31400>
22,10,25951.944886630637,25951.944886630637,28869.300503554503,28869.300503554503,8,1,4,10,None,None,nadam,<function mean_squared_error at 0x0000025432BEAC80>,<function linear at 0x0000025432C31400>
23,40,4808.931621809651,4808.931621809651,4921.220415461685,4921.220415461685,6,1,2,40,None,None,SGD,<function mean_squared_error at 0x0000025432BEAC80>,<function linear at 0x0000025432C31400>
24,20,5692.896320887974,5692.896320887974,5533.128880071414,5533.128880071414,6,1,3,20,None,None,SGD,<function mean_squared_error at 0x0000025432BEAC80>,<function linear at 0x0000025432C31400>
25,20,5702.958180535108,5702.958180535108,5532.812151723563,5532.812151723563,7,1,3,20,None,None,SGD,<function mean_squared_error at 0x0000025432BEAC80>,<function linear at 0x0000025432C31400>
26,20,5761.038880348206,5761.038880348206,5518.523391289734,5518.523391289734,9,1,3,20,None,None,SGD,<function mean_squared_error at 0x0000025432BEAC80>,<function linear at 0x0000025432C31400>
27,20,22468.854519492703,22468.854519492703,25221.641693964953,25221.641693964953,5,1,1,20,None,None,nadam,<function mean_squared_error at 0x0000025432BEAC80>,<function linear at 0x0000025432C31400>
28,10,5458.028406128848,5458.028406128848,5666.307342348506,5666.307342348506,9,1,2,10,None,None,SGD,<function mean_squared_error at 0x0000025432BEAC80>,<function linear at 0x0000025432C31400>
29,10,5695.5741333352,5695.5741333352,5742.195624907435,5742.195624907435,6,1,3,10,None,None,SGD,<function mean_squared_error at 0x0000025432BEAC80>,<function linear at 0x0000025432C31400>
30,20,5222.626872356673,5222.626872356673,5383.164597642365,5383.164597642365,5,1,2,20,None,None,SGD,<function mean_squared_error at 0x0000025432BEAC80>,<function linear at 0x0000025432C31400>
31,40,18928.29470417912,18928.29470417912,21404.78182385092,21404.78182385092,2,1,1,40,None,None,nadam,<function mean_squared_error at 0x0000025432BEAC80>,<function linear at 0x0000025432C31400>
32,40,23559.166647086466,23559.166647086466,26325.44876344509,26325.44876344509,7,1,3,40,None,None,nadam,<function mean_squared_error at 0x0000025432BEAC80>,<function linear at 0x0000025432C31400>
33,40,4729.526172379802,4729.526172379802,4929.122428677093,4929.122428677093,5,1,2,40,None,None,SGD,<function mean_squared_error at 0x0000025432BEAC80>,<function linear at 0x0000025432C31400>
34,20,25021.918245932215,25021.918245932215,27887.99363440925,27887.99363440925,2,1,3,20,None,None,nadam,<function mean_squared_error at 0x0000025432BEAC80>,<function linear at 0x0000025432C31400>
35,40,5725.528923930979,5725.528923930979,4926.1197320296305,4926.1197320296305,8,1,2,40,None,None,SGD,<function mean_squared_error at 0x0000025432BEAC80>,<function linear at 0x0000025432C31400>
36,20,25376.4707324953,25376.4707324953,28256.00112003851,28256.00112003851,4,1,4,20,None,None,nadam,<function mean_squared_error at 0x0000025432BEAC80>,<function linear at 0x0000025432C31400>
37,40,5711.138781669445,5711.138781669445,5180.2190321068065,5180.2190321068065,5,1,3,40,None,None,SGD,<function mean_squared_error at 0x0000025432BEAC80>,<function linear at 0x0000025432C31400>
38,20,5692.582675905156,5692.582675905156,5372.83474966474,5372.83474966474,9,1,2,20,None,None,SGD,<function mean_squared_error at 0x0000025432BEAC80>,<function linear at 0x0000025432C31400>
39,10,25417.25810253172,25417.25810253172,28327.40936944609,28327.40936944609,9,1,2,10,None,None,nadam,<function mean_squared_error at 0x0000025432BEAC80>,<function linear at 0x0000025432C31400>
40,40,5739.236158994804,5739.236158994804,4926.437863101327,4926.437863101327,4,1,2,40,None,None,SGD,<function mean_squared_error at 0x0000025432BEAC80>,<function linear at 0x0000025432C31400>
41,40,22253.761707736136,22253.761707736136,24945.350083771475,24945.350083771475,5,1,2,40,None,None,nadam,<function mean_squared_error at 0x0000025432BEAC80>,<function linear at 0x0000025432C31400>
42,40,22250.604426104324,22250.604426104324,24940.320654991112,24940.320654991112,6,1,2,40,None,None,nadam,<function mean_squared_error at 0x0000025432BEAC80>,<function linear at 0x0000025432C31400>
43,40,24243.891462053572,24243.891462053572,27046.713619575683,27046.713619575683,6,1,4,40,None,None,nadam,<function mean_squared_error at 0x0000025432BEAC80>,<function linear at 0x0000025432C31400>
44,20,22473.476272697735,22473.476272697735,25228.769525446598,25228.769525446598,2,1,1,20,None,None,nadam,<function mean_squared_error at 0x0000025432BEAC80>,<function linear at 0x0000025432C31400>
45,10,24438.096422238457,24438.096422238457,27333.41426621568,27333.41426621568,9,1,1,10,None,None,nadam,<function mean_squared_error at 0x0000025432BEAC80>,<function linear at 0x0000025432C31400>
46,20,5810.131198653601,5810.131198653601,5377.810301089174,5377.810301089174,3,1,2,20,None,None,SGD,<function mean_squared_error at 0x0000025432BEAC80>,<function linear at 0x0000025432C31400>
47,10,5581.0917509839055,5581.0917509839055,5795.933836155028,5795.933836155028,7,1,4,10,None,None,SGD,<function mean_squared_error at 0x0000025432BEAC80>,<function linear at 0x0000025432C31400>
48,10,25953.617936442668,25953.617936442668,28871.080767735486,28871.080767735486,5,1,4,10,None,None,nadam,<function mean_squared_error at 0x0000025432BEAC80>,<function linear at 0x0000025432C31400>
49,40,18937.888566784393,18937.888566784393,21415.74738429847,21415.74738429847,9,1,1,40,None,None,nadam,<function mean_squared_error at 0x0000025432BEAC80>,<function linear at 0x0000025432C31400>
50,40,5665.454803738603,5665.454803738603,4453.4960869045235,4453.4960869045235,5,1,1,40,None,None,SGD,<function mean_squared_error at 0x0000025432BEAC80>,<function linear at 0x0000025432C31400>
51,10,5594.136153371711,5594.136153371711,5788.88952694572,5788.88952694572,9,1,4,10,None,None,SGD,<function mean_squared_error at 0x0000025432BEAC80>,<function linear at 0x0000025432C31400>
52,20,5706.882104400405,5706.882104400405,5539.329820388866,5539.329820388866,8,1,3,20,None,None,SGD,<function mean_squared_error at 0x0000025432BEAC80>,<function linear at 0x0000025432C31400>
53,40,24249.7129787359,24249.7129787359,27054.03960400622,27054.03960400622,9,1,4,40,None,None,nadam,<function mean_squared_error at 0x0000025432BEAC80>,<function linear at 0x0000025432C31400>
54,20,25373.45704593515,25373.45704593515,28252.820759126924,28252.820759126924,8,1,4,20,None,None,nadam,<function mean_squared_error at 0x0000025432BEAC80>,<function linear at 0x0000025432C31400>
55,20,25375.262717340225,25375.262717340225,28254.426364410545,28254.426364410545,7,1,4,20,None,None,nadam,<function mean_squared_error at 0x0000025432BEAC80>,<function linear at 0x0000025432C31400>
56,20,5496.1634714226975,5496.1634714226975,5630.613992844713,5630.613992844713,4,1,4,20,None,None,SGD,<function mean_squared_error at 0x0000025432BEAC80>,<function linear at 0x0000025432C31400>
57,40,4771.74860766418,4771.74860766418,4912.060971192274,4912.060971192274,9,1,2,40,None,None,SGD,<function mean_squared_error at 0x0000025432BEAC80>,<function linear at 0x0000025432C31400>
58,40,4347.78178775938,4347.78178775938,4457.051389554048,4457.051389554048,6,1,1,40,None,None,SGD,<function mean_squared_error at 0x0000025432BEAC80>,<function linear at 0x0000025432C31400>
59,40,5710.767375515816,5710.767375515816,5197.730901311359,5197.730901311359,9,1,3,40,None,None,SGD,<function mean_squared_error at 0x0000025432BEAC80>,<function linear at 0x0000025432C31400>
60,20,25015.734207956415,25015.734207956415,27880.464323649474,27880.464323649474,5,1,3,20,None,None,nadam,<function mean_squared_error at 0x0000025432BEAC80>,<function linear at 0x0000025432C31400>
61,40,24248.289811442668,24248.289811442668,27051.85945830865,27051.85945830865,7,1,4,40,None,None,nadam,<function mean_squared_error at 0x0000025432BEAC80>,<function linear at 0x0000025432C31400>
62,40,5749.087152696194,5749.087152696194,5338.280694609005,5338.280694609005,4,1,4,40,None,None,SGD,<function mean_squared_error at 0x0000025432BEAC80>,<function linear at 0x0000025432C31400>
63,40,4203.767405988915,4203.767405988915,4447.39454160502,4447.39454160502,4,1,1,40,None,None,SGD,<function mean_squared_error at 0x0000025432BEAC80>,<function linear at 0x0000025432C31400>
64,10,24439.98591097495,24439.98591097495,27336.262235307015,27336.262235307015,2,1,1,10,None,None,nadam,<function mean_squared_error at 0x0000025432BEAC80>,<function linear at 0x0000025432C31400>
65,40,24246.92381343985,24246.92381343985,27050.090482449643,27050.090482449643,8,1,4,40,None,None,nadam,<function mean_squared_error at 0x0000025432BEAC80>,<function linear at 0x0000025432C31400>
66,40,5710.774284248066,5710.774284248066,5194.250165062493,5194.250165062493,7,1,3,40,None,None,SGD,<function mean_squared_error at 0x0000025432BEAC80>,<function linear at 0x0000025432C31400>
67,10,5634.260618740454,5634.260618740454,5799.582653172209,5799.582653172209,5,1,4,10,None,None,SGD,<function mean_squared_error at 0x0000025432BEAC80>,<function linear at 0x0000025432C31400>
68,20,25014.849194519502,25014.849194519502,27880.13442197682,27880.13442197682,4,1,3,20,None,None,nadam,<function mean_squared_error at 0x0000025432BEAC80>,<function linear at 0x0000025432C31400>
69,20,24317.139178512687,24317.139178512687,27153.307616030437,27153.307616030437,6,1,2,20,None,None,nadam,<function mean_squared_error at 0x0000025432BEAC80>,<function linear at 0x0000025432C31400>
70,40,5770.497815583882,5770.497815583882,5350.119440738624,5350.119440738624,9,1,4,40,None,None,SGD,<function mean_squared_error at 0x0000025432BEAC80>,<function linear at 0x0000025432C31400>
71,20,25377.85855263158,25377.85855263158,28257.995232893958,28257.995232893958,3,1,4,20,None,None,nadam,<function mean_squared_error at 0x0000025432BEAC80>,<function linear at 0x0000025432C31400>
72,40,18925.69690325744,18925.69690325744,21401.678028147366,21401.678028147366,6,1,1,40,None,None,nadam,<function mean_squared_error at 0x0000025432BEAC80>,<function linear at 0x0000025432C31400>
73,20,25015.892818594337,25015.892818594337,27880.93001089955,27880.93001089955,9,1,3,20,None,None,nadam,<function mean_squared_error at 0x0000025432BEAC80>,<function linear at 0x0000025432C31400>
74,20,25016.49131189791,25016.49131189791,27882.063523423614,27882.063523423614,6,1,3,20,None,None,nadam,<function mean_squared_error at 0x0000025432BEAC80>,<function linear at 0x0000025432C31400>
75,20,5696.523572596604,5696.523572596604,4965.366562594735,4965.366562594735,8,1,1,20,None,None,SGD,<function mean_squared_error at 0x0000025432BEAC80>,<function linear at 0x0000025432C31400>
76,40,23549.10492723508,23549.10492723508,26313.49162053836,26313.49162053836,8,1,3,40,None,None,nadam,<function mean_squared_error at 0x0000025432BEAC80>,<function linear at 0x0000025432C31400>
77,40,22249.53329490719,22249.53329490719,24939.607242819256,24939.607242819256,4,1,2,40,None,None,nadam,<function mean_squared_error at 0x0000025432BEAC80>,<function linear at 0x0000025432C31400>
78,10,5701.810637624641,5701.810637624641,5749.479034116483,5749.479034116483,4,1,3,10,None,None,SGD,<function mean_squared_error at 0x0000025432BEAC80>,<function linear at 0x0000025432C31400>
79,10,25404.314227340812,25404.314227340812,28313.83331443461,28313.83331443461,4,1,2,10,None,None,nadam,<function mean_squared_error at 0x0000025432BEAC80>,<function linear at 0x0000025432C31400>
80,10,5552.319213271813,5552.319213271813,5346.08612188824,5346.08612188824,6,1,1,10,None,None,SGD,<function mean_squared_error at 0x0000025432BEAC80>,<function linear at 0x0000025432C31400>
81,20,24327.592722039473,24327.592722039473,27164.937729098787,27164.937729098787,2,1,2,20,None,None,nadam,<function mean_squared_error at 0x0000025432BEAC80>,<function linear at 0x0000025432C31400>
82,10,25946.42964344455,25946.42964344455,28862.33304021031,28862.33304021031,6,1,4,10,None,None,nadam,<function mean_squared_error at 0x0000025432BEAC80>,<function linear at 0x0000025432C31400>
83,10,5741.079705216831,5741.079705216831,5673.7745772673625,5673.7745772673625,4,1,2,10,None,None,SGD,<function mean_squared_error at 0x0000025432BEAC80>,<function linear at 0x0000025432C31400>
84,40,5739.129487231262,5739.129487231262,5334.179695599452,5334.179695599452,7,1,4,40,None,None,SGD,<function mean_squared_error at 0x0000025432BEAC80>,<function linear at 0x0000025432C31400>
85,40,24249.633884515977,24249.633884515977,27053.60476062648,27053.60476062648,4,1,4,40,None,None,nadam,<function mean_squared_error at 0x0000025432BEAC80>,<function linear at 0x0000025432C31400>
86,10,25955.0547168703,25955.0547168703,28872.413821830567,28872.413821830567,9,1,4,10,None,None,nadam,<function mean_squared_error at 0x0000025432BEAC80>,<function linear at 0x0000025432C31400>
87,20,5701.294080863322,5701.294080863322,5554.9860561425085,5554.9860561425085,5,1,3,20,None,None,SGD,<function mean_squared_error at 0x0000025432BEAC80>,<function linear at 0x0000025432C31400>
88,20,5168.16652467197,5168.16652467197,5372.158180923823,5372.158180923823,4,1,2,20,None,None,SGD,<function mean_squared_error at 0x0000025432BEAC80>,<function linear at 0x0000025432C31400>
89,10,25415.131292586935,25415.131292586935,28326.100471966638,28326.100471966638,2,1,2,10,None,None,nadam,<function mean_squared_error at 0x0000025432BEAC80>,<function linear at 0x0000025432C31400>
90,10,5697.774734984663,5697.774734984663,5631.543948892168,5631.543948892168,3,1,2,10,None,None,SGD,<function mean_squared_error at 0x0000025432BEAC80>,<function linear at 0x0000025432C31400>
91,10,24432.594738035274,24432.594738035274,27328.099107425925,27328.099107425925,4,1,1,10,None,None,nadam,<function mean_squared_error at 0x0000025432BEAC80>,<function linear at 0x0000025432C31400>
92,40,22242.217703683036,22242.217703683036,24931.413876791135,24931.413876791135,3,1,2,40,None,None,nadam,<function mean_squared_error at 0x0000025432BEAC80>,<function linear at 0x0000025432C31400>
93,10,5701.534773919815,5701.534773919815,5662.2882679763,5662.2882679763,7,1,2,10,None,None,SGD,<function mean_squared_error at 0x0000025432BEAC80>,<function linear at 0x0000025432C31400>
94,20,5750.983930774201,5750.983930774201,5633.127439670653,5633.127439670653,9,1,4,20,None,None,SGD,<function mean_squared_error at 0x0000025432BEAC80>,<function linear at 0x0000025432C31400>
95,20,5729.406603275105,5729.406603275105,4944.958549241107,4944.958549241107,3,1,1,20,None,None,SGD,<function mean_squared_error at 0x0000025432BEAC80>,<function linear at 0x0000025432C31400>
96,10,24436.06805557595,24436.06805557595,27330.872388143674,27330.872388143674,7,1,1,10,None,None,nadam,<function mean_squared_error at 0x0000025432BEAC80>,<function linear at 0x0000025432C31400>
